{
  "run_id": "20260126T181502Z",
  "lottery_code": "euromillions",
  "history_hash": "sha256:6d4d3b5dcadd6260c7107572b6d07e78516e579fa8329890a07add45d71b3c40",
  "draws_count": 12,
  "number_space": {
    "main": {
      "min": 1,
      "max": 50,
      "count": 5,
      "pool": 50
    },
    "lucky": {
      "min": 1,
      "max": 12,
      "count": 2
    }
  },
  "entropy": {
    "frequency_entropy": 5.573557,
    "gap_entropy": 1.760964,
    "pair_entropy": 6.840224
  },
  "notes": []
}
